{
  "blocks": [
    {
      "index": 0,
      "timestamp": "2024-03-08T04:57:24+09:00",
      "transactions": [
        {
          "From": "A/KyPk2E3zD5Aq3qw5/OJuhmMEeF8XZ8k/oewDO9ogE=",
          "To": "A/KyPk2E3zD5Aq3qw5/OJuhmMEeF8XZ8k/oewDO9ogE=",
          "Amount": 10000,
          "Fee": 0,
          "Timestamp": "2024-03-08T04:57:24+09:00",
          "Message": "",
          "Signature": "0qf7IJJ2VZS6oa9FnTodiizamX5StE67TrbU2UCBNrmnFv1wK1ibYENIwh/7Bz0u1Q8v5Gmx4QE8alX+wwRvAg=="
        },
        {
          "From": "IprOKrGtYBWb4Iwkk7cy3o3LAvMvbi877uSH1WGNTWI=",
          "To": "IprOKrGtYBWb4Iwkk7cy3o3LAvMvbi877uSH1WGNTWI=",
          "Amount": 50,
          "Fee": 0,
          "Timestamp": "2024-03-08T04:57:24+09:00",
          "Message": "",
          "Signature": "qf8BRobRtmn75XmwCy0hiF5ODys7c4PY9B3fV/gcbaV7rRLTHfzRt0BitwH/a2i/S7E3z2uUXQxKmM1H1P9sCQ=="
        }
      ],
      "hash": "1a05060d",
      "prevHash": ""
    }
  ],
  "transactionPool": []
}
